location_id,time,nitrogen_dioxide,temperature_2m,relative_humidity_2m,rain,wind_speed_10m
1,2026-10-02T20:00,47.5,25.0,97,2.0,6.2
1,2026-10-02T21:00,58.8,25.4,96,0.3,9.2
1,2026-10-02T22:00,68.8,25.3,96,0.0,7.1
1,2026-10-02T23:00,77.1,25.4,95,0.0,6.4
2,2026-10-02T20:00,2.3,29.3,69,0.3,10.0
2,2026-10-02T21:00,4.5,28.6,69,0.3,15.1
2,2026-10-02T22:00,6.3,26.6,90,0.5,24.1
2,2026-10-02T23:00,7.6,26.6,86,0.0,20.0
3,2026-10-02T20:00,26.0,27.3,77,0.0,10.6
3,2026-10-02T21:00,36.1,26.9,80,0.0,8.4
3,2026-10-02T22:00,44.9,27.0,81,0.0,7.3
3,2026-10-02T23:00,51.6,26.8,82,0.0,8.2
4,2026-10-02T20:00,33.5,22.7,98,0.0,1.3
4,2026-10-02T21:00,35.2,22.8,97,0.7,0.8
4,2026-10-02T22:00,36.5,22.8,96,0.4,1.1
4,2026-10-02T23:00,37.7,22.9,95,0.1,0.0
5,2026-10-02T20:00,28.2,23.0,97,1.3,6.1
5,2026-10-02T21:00,23.1,23.1,97,1.8,5.4
5,2026-10-02T22:00,19.2,23.2,96,0.4,5.6
5,2026-10-02T23:00,18.2,23.3,95,0.0,5.6
6,2026-10-02T20:00,33.3,26.0,94,0.6,11.8
6,2026-10-02T21:00,34.9,24.5,98,1.1,15.3
6,2026-10-02T22:00,35.7,24.3,98,0.5,8.5
6,2026-10-02T23:00,35.3,24.4,98,0.7,6.4
7,2026-10-02T20:00,2.6,29.0,74,0.0,9.9
7,2026-10-02T21:00,4.9,29.2,69,0.1,11.8
7,2026-10-02T22:00,7.0,27.8,83,0.1,22.3
7,2026-10-02T23:00,8.7,27.2,85,0.0,19.9
8,2026-10-02T20:00,57.5,25.9,82,0.0,10.6
8,2026-10-02T21:00,61.0,26.5,82,0.0,9.3
8,2026-10-02T22:00,63.9,26.6,82,0.0,7.8
8,2026-10-02T23:00,67.6,26.5,82,0.0,6.9
9,2026-10-02T20:00,98.8,24.9,94,3.3,9.4
9,2026-10-02T21:00,99.4,24.8,95,1.1,8.7
9,2026-10-02T22:00,99.2,25.1,94,0.2,9.8
9,2026-10-02T23:00,100.0,25.0,92,0.0,10.1
10,2026-10-02T20:00,68.4,27.9,69,0.0,12.7
10,2026-10-02T21:00,73.6,27.0,74,0.0,8.8
10,2026-10-02T22:00,76.4,27.0,75,0.0,6.7
10,2026-10-02T23:00,76.7,27.1,77,0.0,5.7
