location_id,time_no2,nitrogen_dioxide,time_weather,temperature_2m,relative_humidity_2m,rain,wind_speed_10m
1,2026-10-02T23:00,77.1,2026-10-02T23:00,25.4,95,0.0,6.4
2,2026-10-02T23:00,7.6,2026-10-02T23:00,26.6,86,0.0,20.0
3,2026-10-02T23:00,51.6,2026-10-02T23:00,26.8,82,0.0,8.2
4,2026-10-02T23:00,37.7,2026-10-02T23:00,22.9,95,0.0,0.0
5,2026-10-02T23:00,18.2,2026-10-02T23:00,23.3,95,0.0,5.6
6,2026-10-02T23:00,35.3,2026-10-02T23:00,24.4,98,0.2,6.4
7,2026-10-02T23:00,8.7,2026-10-02T23:00,27.2,85,0.0,19.9
8,2026-10-02T23:00,67.6,2026-10-02T23:00,26.5,82,0.0,6.9
9,2026-10-02T23:00,100.0,2026-10-02T23:00,25.0,92,0.0,10.1
10,2026-10-02T23:00,76.7,2026-10-02T23:00,27.1,77,0.0,5.7
