location_id,target_time,weather_time,LAG1,LAG2,LAG3,temperature_2m,relative_humidity_2m,rain,wind_speed_10m,predicted_nitrogen_dioxide
1,2026-10-03 22:00:00,2026-10-03 21:00:00,51.7,43.1,35.0,27.3,75,0.0,2.3,54.933437
2,2026-10-03 22:00:00,2026-10-03 21:00:00,2.5,1.5,0.9,29.3,70,0.0,18.6,2.3993611
3,2026-10-03 22:00:00,2026-10-03 21:00:00,43.6,30.3,19.0,28.9,64,0.0,5.3,53.158455
4,2026-10-03 22:00:00,2026-10-03 21:00:00,33.0,33.0,31.1,24.4,86,0.0,1.2,33.652527
5,2026-10-03 22:00:00,2026-10-03 21:00:00,22.1,23.1,23.2,23.8,91,0.0,4.4,22.681782
6,2026-10-03 22:00:00,2026-10-03 21:00:00,28.0,27.2,25.1,26.5,83,0.0,6.1,28.83345
7,2026-10-03 22:00:00,2026-10-03 21:00:00,2.0,1.3,0.9,29.1,71,0.0,17.4,2.3993611
8,2026-10-03 22:00:00,2026-10-03 21:00:00,81.8,77.1,67.2,29.2,61,0.0,3.4,79.291664
9,2026-10-03 22:00:00,2026-10-03 21:00:00,94.2,92.7,85.2,28.9,55,0.0,4.6,93.757
10,2026-10-03 22:00:00,2026-10-03 21:00:00,76.2,61.3,46.1,28.9,62,0.0,6.9,78.1895
